id,first_name,last_name,email_address,phone_number,task_idAliana ,Layug,test@test.com,11111111111,99
Aliana ,Layug,test@test.com,11111111111,99
Aliana ,Layug,test@test.com,11111111111,99
Aliana ,Layug,test@test.com,11111111111,99
Aliana ,Layug,test@test.com,11111111111,99
Aliana ,Layug,test@test.com,11111111111,99
Aliana ,Layug,test@test.com,11111111111,99
Aliana ,Layug,test@test.com,11111111111,99
Aliana ,Layug,test@test.com,11111111111,0
Aliana ,Layug,test@test.com,11111111111,0
